{"cameraMode":{"drawMode":0,"name":"Shaded","section":"Shading Mode"},"sceneLighting":true,"audioPlay":false,"sceneViewState":{"showFog":false,"showMaterialUpdate":false,"showSkybox":true,"showFlares":false,"showImageEffects":false,"showParticleSystems":false},"in2DMode":false,"pivot":{"x":-176.4973602294922,"y":1.5467232465744019,"z":-132.7952880859375},"rotation":{"x":0.16953502595424653,"y":-0.40840840339660647,"z":-0.07748682796955109,"w":-0.8935664296150208},"size":0.38419896364212038,"orthographic":false}